{
  "mae": 0.001105111794218195,
  "rmse": 0.0016985095974196695,
  "train_rows": 1116,
  "test_rows": 280,
  "n_estimators": 500,
  "random_state": 42
}